{"cameraMode":{"drawMode":0,"name":"Shaded","section":"Shading Mode"},"sceneLighting":true,"audioPlay":false,"sceneViewState":{"showFog":true,"showMaterialUpdate":false,"showSkybox":true,"showFlares":true,"showImageEffects":true,"showParticleSystems":true},"in2DMode":false,"pivot":{"x":1.2343153953552247,"y":0.9818105101585388,"z":3.0851967334747316},"rotation":{"x":0.016459133476018907,"y":0.8978490233421326,"z":-0.43870455026626589,"w":0.03368513658642769},"size":1.4228876829147339,"orthographic":true}