{"cameraMode":{"drawMode":0,"name":"Shaded","section":"Shading Mode"},"sceneLighting":true,"audioPlay":false,"sceneViewState":{"showFog":true,"showMaterialUpdate":false,"showSkybox":true,"showFlares":true,"showImageEffects":true,"showParticleSystems":true},"in2DMode":false,"pivot":{"x":-1.725000023841858,"y":0.39325186610221865,"z":3.2060000896453859},"rotation":{"x":-0.027270236983895303,"y":0.5626002550125122,"z":-0.01857256144285202,"w":-0.8260704874992371},"size":2.304267406463623,"orthographic":true}