{"cameraMode":{"drawMode":0,"name":"Shaded","section":"Shading Mode"},"sceneLighting":true,"audioPlay":false,"sceneViewState":{"showFog":true,"showMaterialUpdate":false,"showSkybox":true,"showFlares":true,"showImageEffects":true,"showParticleSystems":true},"in2DMode":false,"pivot":{"x":1.7196241617202759,"y":0.9864591360092163,"z":3.253293037414551},"rotation":{"x":0.016459133476018907,"y":0.8978490233421326,"z":-0.43870455026626589,"w":0.03368513658642769},"size":4.163182258605957,"orthographic":true}